date,blockno,variety,stems
7/1/2022,MU05,Magical Triumph,29000
7/2/2022,MU05,Magical Triumph,10000
7/2/2022,AF04,Magical Triumph,6000
7/4/2022,MU05,Magical Triumph,23100
7/5/2022,MU05,Magical Triumph,17900
7/7/2022,MU05,Magical Triumph,27000
7/8/2022,MU05,Magical Triumph,19900
7/8/2022,MU06,Magical Triumph,7200
7/9/2022,MU05,Magical Triumph,9900
7/9/2022,MU06,Magical Triumph,7600
7/12/2022,MU06,Magical Triumph,22900
7/12/2022,MU05,Magical Triumph,8600
7/13/2022,MU06,Magical Triumph,5500
7/13/2022,MU05,Magical Triumph,2900
7/14/2022,MU05,Magical Triumph,17000
7/15/2022,MU06,Magical Triumph,8000
7/18/2022,MU06,Magical Triumph,2200
7/19/2022,MU06,Magical Triumph,11400
7/20/2022,MU06,Magical Triumph,10000
7/21/2022,MU06,Magical Triumph,15100
7/22/2022,L09,Magical Triumph,5500
7/23/2022,L09,Magical Triumph,1100
7/25/2022,L09,Magical Triumph,20000
7/25/2022,MU06,Magical Triumph,20000
7/26/2022,L09,Magical Triumph,30000
7/27/2022,L09,Magical Triumph,18300
7/27/2022,MU06,Magical Triumph,4800
7/28/2022,L09,Magical Triumph,30000
7/29/2022,MU06,Magical Triumph,30000
7/30/2022,L09,Magical Triumph,24500
8/1/2022,L09,Magical Triumph,20800
8/1/2022,AB06,Magical Triumph,19200
8/2/2022,AB06,Magical Triumph,40000
8/3/2022,AB06,Magical Triumph,23000
8/4/2022,AB06,Magical Triumph,19000
8/5/2022,AB06,Magical Triumph,28000
8/8/2022,AB06,Magical Triumph,12000
8/8/2022,AB07,Magical Triumph,16000
8/10/2022,AB07,Magical Triumph,13100
8/10/2022,AB06,Magical Triumph,11100
8/11/2022,AB07,Magical Triumph,1200
8/12/2022,AB07,Magical Triumph,43600
8/13/2022,AB07,Magical Triumph,30000
8/15/2022,AB07,Magical Triumph,22000
8/16/2022,AB07,Magical Triumph,31000
8/17/2022,K10,Magical Triumph,11000
8/17/2022,AB07,Magical Triumph,13000
8/18/2022,K10,Magical Triumph,30000
8/19/2022,K11,Magical Triumph,15400
8/19/2022,K10,Magical Triumph,35200
8/22/2022,K11,Magical Triumph,40000
8/23/2022,K11,Magical Triumph,20000
8/23/2022,K12,Magical Triumph,10000
8/24/2022,K12,Magical Triumph,25000
8/25/2022,K12,Magical Triumph,36700
8/25/2022,K13,Magical Triumph,54300
8/25/2022,K14,Magical Triumph,6000
8/26/2022,K14,Magical Triumph,35000
8/27/2022,L04,Magical Triumph,20000
8/29/2022,L04,Magical Triumph,53400
8/30/2022,L04,Magical Triumph,47800
8/31/2022,L04,Magical Triumph,53700
9/1/2022,L04,Magical Triumph,65400
9/2/2022,L04,Magical Triumph,28900
9/3/2022,MU01,Magical Triumph,36000
9/5/2022,MU01,Magical Triumph,48000
9/6/2022,MU01,Magical Triumph,66000
9/7/2022,MU01,Magical Triumph,61300
9/8/2022,MU01,Magical Triumph,46700
9/8/2022,MU02,Magical Triumph,20000
9/9/2022,MU02,Magical Triumph,47400
9/10/2022,MU02,Magical Triumph,66000
9/12/2022,MU02,Magical Triumph,66600
9/13/2022,MU02,Magical Triumph,39000
9/13/2022,MU03,Magical Triumph,9000
9/14/2022,L01,Magical Triumph,40000
9/15/2022,L01,Magical Triumph,46200
9/16/2022,L01,Magical Triumph,25200
9/16/2022,L02,Magical Triumph,64800
9/17/2022,L02,Magical Triumph,56000
9/17/2022,K06,Magical Triumph,20000
9/19/2022,L02,Magical Triumph,44600
9/19/2022,L05,Magical Triumph,16900
9/19/2022,AB01,Magical Triumph,40000
9/20/2022,K05,Magical Triumph,116000
9/21/2022,K05,Magical Triumph,13100
9/21/2022,K06,Magical Triumph,78100
9/21/2022,AB01,Magical Triumph,10000
9/21/2022,K03,Magical Triumph,20000
9/22/2022,AB01,Magical Triumph,54900
9/22/2022,AB02,Magical Triumph,39000
9/23/2022,K03,Magical Triumph,14900
9/23/2022,AB02,Magical Triumph,90500
9/24/2022,K03,Magical Triumph,90600
9/26/2022,AB02,Magical Triumph,1900
9/26/2022,K03,Magical Triumph,6500
9/26/2022,L03,Magical Triumph,60000
9/26/2022,L05,Magical Triumph,26700
9/27/2022,L05,Magical Triumph,66000
9/27/2022,L06,Magical Triumph,46800
9/28/2022,L06,Magical Triumph,72400
9/29/2022,L07,Magical Triumph,84600
9/30/2022,L06,Magical Triumph,600
9/30/2022,L07,Magical Triumph,50000
10/1/2022,L07,Magical Triumph,25300
10/3/2022,MU03,Magical Triumph,71700
10/4/2022,MU03,Magical Triumph,68700
10/5/2022,MU03,Magical Triumph,46900
10/5/2022,AF01,Magical Triumph,10000
10/6/2022,AF01,Magical Triumph,60500
10/7/2022,AF01,Magical Triumph,5700
10/7/2022,AF02,Magical Triumph,34300
10/7/2022,S01,Magical Triumph,24200
10/8/2022,S01,Magical Triumph,94400
10/8/2022,S03,Magical Triumph,900
10/11/2022,S04,Magical Triumph,92500
10/12/2022,AF03,Magical Triumph,5000
10/12/2022,AF02,Magical Triumph,2200
10/12/2022,AF01,Magical Triumph,1300
10/12/2022,S04,Magical Triumph,49400
10/12/2022,S03,Magical Triumph,10800
10/13/2022,AF01,Magical Triumph,2800
10/13/2022,S03,Magical Triumph,74300
10/14/2022,S01,Magical Triumph,11800
10/14/2022,S03,Magical Triumph,47700
10/15/2022,S01,Magical Triumph,29300
10/17/2022,S02,Magical Triumph,13900
10/17/2022,L03,Magical Triumph,50000
10/18/2022,L03,Magical Triumph,48300
10/19/2022,AB05,Magical Triumph,57200
10/19/2022,S04,Magical Triumph,6700
10/19/2022,S03,Magical Triumph,2000
10/21/2022,S03,Magical Triumph,2500
10/21/2022,AB05,Magical Triumph,61000
10/22/2022,AB05,Magical Triumph,53000
10/24/2022,L03,Magical Triumph,18100
10/24/2022,AB05,Magical Triumph,11900
10/24/2022,S02,Magical Triumph,48900
10/25/2022,S02,Magical Triumph,50000
10/26/2022,AD05,Magical Triumph,47000
10/26/2022,AB05,Magical Triumph,7500
10/26/2022,S02,Magical Triumph,4400
10/27/2022,AD05,Magical Triumph,65300
10/28/2022,MU04,Magical Triumph,45000
10/29/2022,MU04,Magical Triumph,40000
10/31/2022,MU04,Magical Triumph,30000
10/31/2022,AF02,Magical Triumph,30000
11/1/2022,AF03,Magical Triumph,10000
11/1/2022,AF02,Magical Triumph,30000
11/1/2022,AD05,Magical Triumph,9100
11/2/2022,MU04,Magical Triumph,10000
11/2/2022,AF03,Magical Triumph,50000
11/3/2022,MU04,Magical Triumph,50000
11/4/2022,MU04,Magical Triumph,8000
11/4/2022,AF04,Magical Triumph,20000
11/4/2022,AF03,Magical Triumph,15400
11/5/2022,AF04,Magical Triumph,30000
11/7/2022,AB04,Magical Triumph,1500
11/7/2022,AF04,Magical Triumph,60000
11/8/2022,AF04,Magical Triumph,12500
11/8/2022,AD04,Magical Triumph,52300
11/9/2022,MU04,Magical Triumph,14800
11/9/2022,AF04,Magical Triumph,15200
11/9/2022,AD04,Magical Triumph,40000
11/10/2022,AD04,Magical Triumph,2100
11/10/2022,AF04,Magical Triumph,1400
11/10/2022,AF03,Magical Triumph,3900
11/10/2022,AD03,Magical Triumph,47500
11/11/2022,AD03,Magical Triumph,36000
11/11/2022,L10,Magical Triumph,10000
11/12/2022,L10,Magical Triumph,24400
11/12/2022,L11,Magical Triumph,21600
11/14/2022,L11,Magical Triumph,51500
11/14/2022,MU05,Magical Triumph,10000
11/14/2022,AD04,Magical Triumph,2800
11/15/2022,AD03,Magical Triumph,3000
11/15/2022,L11,Magical Triumph,56000
11/16/2022,L11,Magical Triumph,19000
11/16/2022,MU05,Magical Triumph,34400
11/17/2022,MU05,Magical Triumph,50300
11/18/2022,MU05,Magical Triumph,40000
11/19/2022,MU05,Magical Triumph,50000
11/21/2022,MU05,Magical Triumph,6300
11/21/2022,MU06,Magical Triumph,15700
11/21/2022,K15,Magical Triumph,32500
11/21/2022,L10,Magical Triumph,6100
11/22/2022,L11,Magical Triumph,7000
11/22/2022,MU06,Magical Triumph,9600
11/22/2022,K15,Magical Triumph,11500
11/23/2022,K15,Magical Triumph,7100
11/23/2022,K16,Magical Triumph,16500
11/23/2022,L11,Magical Triumph,10500
11/23/2022,MU06,Magical Triumph,12000
11/24/2022,L11,Magical Triumph,800
11/24/2022,K16,Magical Triumph,37000
11/24/2022,K17,Magical Triumph,3000
11/25/2022,K16,Magical Triumph,5500
11/25/2022,K17,Magical Triumph,35200
11/26/2022,K17,Magical Triumph,22000
11/26/2022,K18,Magical Triumph,30000
11/28/2022,k18,Magical Triumph,19500
11/28/2022,MU05,Magical Triumph,10000
11/28/2022,MU06,Magical Triumph,70000
11/29/2022,MU06,Magical Triumph,13000
11/29/2022,AB03,Magical Triumph,72100
11/30/2022,AB03,Magical Triumph,58300
11/30/2022,AB04,Magical Triumph,34500
12/1/2022,AB04,Magical Triumph,66900
12/1/2022,L08,Magical Triumph,40000
12/2/2022,K15,Magical Triumph,4900
12/2/2022,L08,Magical Triumph,67700
12/3/2022,K09,Magical Triumph,63600
12/5/2022,L08,Magical Triumph,14200
12/5/2022,K09,Magical Triumph,14500
12/5/2022,L09,Magical Triumph,93300
12/5/2022,AB03,Magical Triumph,2400
12/6/2022,L09,Magical Triumph,95200
12/6/2022,AB03,Magical Triumph,1000
12/6/2022,AB06,Magical Triumph,63500
12/7/2022,K09,Magical Triumph,25500
12/7/2022,AD02,Magical Triumph,50000
12/7/2022,AD01,Magical Triumph,32000
12/7/2022,AB04,Magical Triumph,2900
12/8/2022,AD01,Magical Triumph,23200
12/8/2022,AB06,Magical Triumph,103600
12/8/2022,AB07,Magical Triumph,10500
12/8/2022,L08,Magical Triumph,7200
12/9/2022,AB07,Magical Triumph,86000
12/10/2022,K10,Magical Triumph,74000
12/10/2022,K11,Magical Triumph,61900
12/10/2022,K12,Magical Triumph,13100
12/10/2022,AB07,Magical Triumph,12300
12/11/2022,AB07,Magical Triumph,26000
12/11/2022,K12,Magical Triumph,38200
12/11/2022,K14,Magical Triumph,34800
12/11/2022,K13,Magical Triumph,27000
12/12/2022,AB06,Magical Triumph,5600
12/13/2022,AB07,Magical Triumph,22900
12/13/2022,AD01,Magical Triumph,10000
12/13/2022,AD02,Magical Triumph,27100
12/13/2022,K11,Magical Triumph,10000
12/13/2022,K12,Magical Triumph,25000
12/13/2022,K13,Magical Triumph,1600
12/13/2022,K14,Magical Triumph,13600
12/14/2022,K10,Magical Triumph,10000
12/14/2022,AD01,Magical Triumph,12600
12/14/2022,L04,Magical Triumph,10000
12/15/2022,L09,Magical Triumph,3200
12/15/2022,K09,Magical Triumph,5400
12/15/2022,L04,Magical Triumph,54800
12/16/2022,MU01,Magical Triumph,53100
12/16/2022,L04,Magical Triumph,9700
12/17/2022,MU01,Magical Triumph,47000
12/17/2022,K12,Magical Triumph,10000
12/17/2022,K13,Magical Triumph,16900
12/19/2022,L04,Magical Triumph,30000
12/19/2022,K14,Magical Triumph,13000
12/19/2022,K13,Magical Triumph,5900
12/19/2022,K12,Magical Triumph,2300
12/19/2022,AD01,Magical Triumph,2000
12/20/2022,L04,Magical Triumph,25000
12/20/2022,AD01,Magical Triumph,9400
12/20/2022,AD02,Magical Triumph,9800
12/22/2022,AB07,Magical Triumph,10800
12/22/2022,AD02,Magical Triumph,700
12/23/2022,L04,Magical Triumph,10000
12/24/2022,K10,Magical Triumph,1800
12/24/2022,K11,Magical Triumph,4000
12/24/2022,K12,Magical Triumph,8200
12/24/2022,K13,Magical Triumph,4400
12/24/2022,K14,Magical Triumph,3800
12/28/2022,MU01,Magical Triumph,31500
12/29/2022,MU01,Magical Triumph,46000
12/30/2022,MU01,Magical Triumph,50000
12/31/2022,L04,Magical Triumph,16000
1/3/2023,L04,Magical Triumph,42910
1/4/2023,MU01,Magical Triumph,15600
1/4/2023,L04,Magical Triumph,30130
1/5/2023,MU02,Magical Triumph,40000
1/5/2023,L04,Magical Triumph,13500
1/6/2023,MU02,Magical Triumph,16000
1/7/2023,MU02,Magical Triumph,60000
1/9/2023,MU02,Magical Triumph,32000
1/10/2023,L01,Magical Triumph,23200
1/10/2023,MU02,Magical Triumph,30000
1/11/2023,L01,Magical Triumph,22600
1/11/2023,MU02,Magical Triumph,5400
1/12/2023,L02,Magical Triumph,3000
1/12/2023,L01,Magical Triumph,25600
1/13/2023,MU02,Magical Triumph,10200
1/13/2023,L01,Magical Triumph,30000
1/14/2023,L01,Magical Triumph,7000
1/16/2023,L01,Magical Triumph,6100
1/16/2023,L02,Magical Triumph,40000
1/16/2023,L05,Magical Triumph,4400
1/17/2023,L02,Magical Triumph,40300
1/17/2023,MU02,Magical Triumph,9800
1/18/2023,L02,Magical Triumph,47000
1/18/2023,MU02,Magical Triumph,2500
1/19/2023,L02,Magical Triumph,38300
1/19/2023,L01,Magical Triumph,7000
1/19/2023,K05,Magical Triumph,6800
1/20/2023,K05,Magical Triumph,48200
1/21/2023,K05,Magical Triumph,41500
1/23/2023,k05,Magical Triumph,45500
1/23/2023,K06,Magical Triumph,2500
1/24/2023,K06,Magical Triumph,50000
1/24/2023,AB01,Magical Triumph,20000
1/25/2023,AB01,Magical Triumph,30000
1/25/2023,K06,Magical Triumph,20000
1/25/2023,K03,Magical Triumph,18500
1/26/2023,K06,Magical Triumph,22200
1/26/2023,K03,Magical Triumph,33000
1/26/2023,AB01,Magical Triumph,20000
1/27/2023,AB01,Magical Triumph,42600
1/27/2023,K03,Magical Triumph,30000
1/28/2023,K03,Magical Triumph,70000
1/30/2023,K06,Magical Triumph,19000
1/30/2023,K05,Magical Triumph,900
1/30/2023,L05,Magical Triumph,46800
1/31/2023,L05,Magical Triumph,69800
1/31/2023,L06,Magical Triumph,3300
2/1/2023,MU03,Magical Triumph,10000
2/1/2023,K03,Magical Triumph,1800
2/1/2023,L06,Magical Triumph,70000
2/1/2023,L05,Magical Triumph,2900
2/2/2023,MU03,Magical Triumph,23000
2/2/2023,L06,Magical Triumph,20000
2/3/2023,MU03,Magical Triumph,60000
2/4/2023,MU03,Magical Triumph,80000
2/6/2023,MU03,Magical Triumph,45600
2/6/2023,S01,Magical Triumph,29000
2/7/2023,S01,Magical Triumph,80000
2/7/2023,MU03,Magical Triumph,500
2/8/2023,S01,Magical Triumph,23100
2/8/2023,AF01,Magical Triumph,10700
2/8/2023,AF02,Magical Triumph,19800
2/8/2023,MU03,Magical Triumph,4600
2/9/2023,AF01,Magical Triumph,13600
2/9/2023,AF02,Magical Triumph,22700
2/10/2023,AF01,Magical Triumph,17000
2/13/2023,AF01,Magical Triumph,81100
2/14/2023,AF01,Magical Triumph,13700
2/14/2023,K04,Magical Triumph,32100
2/14/2023,S03,Magical Triumph,6800
2/15/2023,K04,Magical Triumph,39600
2/15/2023,AF02,Magical Triumph,3800
2/15/2023,S03,Magical Triumph,44500
2/16/2023,S03,Magical Triumph,37800
2/16/2023,S02,Magical Triumph,5000
2/17/2023,AB05,Magical Triumph,47400
2/17/2023,AF01,Magical Triumph,5100
2/18/2023,S04,Magical Triumph,6000
2/20/2023,AB05,Magical Triumph,82600
2/21/2023,AB05,Magical Triumph,19900
2/21/2023,S04,Magical Triumph,65000
2/22/2023,S04,Magical Triumph,21900
2/22/2023,L03,Magical Triumph,56700
2/23/2023,L03,Magical Triumph,52700
2/23/2023,AD05,Magical Triumph,25000
2/24/2023,L03,Magical Triumph,39000
2/24/2023,AB05,Magical Triumph,4100
2/25/2023,L03,Magical Triumph,23000
2/27/2023,L03,Magical Triumph,37300
2/27/2023,S03,Magical Triumph,43300
2/27/2023,S04,Magical Triumph,6400
2/28/2023,S02,Magical Triumph,47100
2/28/2023,S03,Magical Triumph,2200
2/28/2023,S04,Magical Triumph,22600
3/1/2023,S02,Magical Triumph,30200
3/1/2023,AD05,Magical Triumph,20000
3/1/2023,MU04,Magical Triumph,10000
3/2/2023,AD05,Magical Triumph,40800
3/2/2023,S02,Magical Triumph,9000
3/2/2023,AB05,Magical Triumph,5000
3/3/2023,AD05,Magical Triumph,29500
3/3/2023,S02,Magical Triumph,40000
3/4/2023,AD05,Magical Triumph,15800
3/4/2023,MU04,Magical Triumph,60000
3/6/2023,AB05,Magical Triumph,7700
3/6/2023,L03,Magical Triumph,2600
3/6/2023,S02,Magical Triumph,5200
3/6/2023,MU04,Magical Triumph,57000
3/7/2023,MU04,Magical Triumph,44800
3/7/2023,AD05,Magical Triumph,10000
3/7/2023,AD04,Magical Triumph,10000
3/8/2023,AD04,Magical Triumph,26700
3/8/2023,AF04,Magical Triumph,30000
3/9/2023,AD04,Magical Triumph,27600
3/9/2023,AD05,Magical Triumph,2200
3/10/2023,AF04,Magical Triumph,40000
3/11/2023,AF04,Magical Triumph,33000
3/13/2023,AD04,Magical Triumph,49000
3/14/2023,AD04,Magical Triumph,39100
3/14/2023,AD03,Magical Triumph,30000
3/15/2023,AD03,Magical Triumph,35000
3/16/2023,AD03,Magical Triumph,34000
3/17/2023,AD03,Magical Triumph,25000
3/17/2023,AF04,Magical Triumph,8300
3/18/2023,L10,Magical Triumph,25700
3/20/2023,AF04,Magical Triumph,2000
3/20/2023,AD03,Magical Triumph,43900
3/20/2023,L11,Magical Triumph,10000
3/21/2023,L11,Magical Triumph,30000
3/21/2023,L10,Magical Triumph,15200
3/21/2023,AD03,Magical Triumph,6900
3/22/2023,L10,Magical Triumph,4400
3/22/2023,L11,Magical Triumph,43600
3/23/2023,L11,Magical Triumph,34900
3/24/2023,L11,Magical Triumph,10000
3/27/2023,L11,Magical Triumph,27300
3/27/2023,L10,Magical Triumph,7400
3/27/2023,MU06,Magical Triumph,4500
3/28/2023,MU05,Magical Triumph,31300
3/29/2023,MU05,Magical Triumph,40000
3/31/2023,MU05,Magical Triumph,39200
3/31/2023,AD02,Magical Triumph,2500
3/31/2023,AD01,Magical Triumph,2200
4/1/2023,MU06,Magical Triumph,30000
4/3/2023,MU06,Magical Triumph,4500
4/3/2023,AB03,Magical Triumph,60000
4/4/2023,AB03,Magical Triumph,28700
4/5/2023,AB03,Magical Triumph,20000
4/5/2023,AB04,Magical Triumph,18000
4/6/2023,AB04,Magical Triumph,36000
4/8/2023,AB04,Magical Triumph,20000
4/11/2023,K09,Magical Triumph,30000
4/12/2023,K09,Magical Triumph,27900
4/12/2023,AB04,Magical Triumph,2300
4/12/2023,AB06,Magical Triumph,13000
4/13/2023,AB06,Magical Triumph,15000
4/14/2023,AB06,Magical Triumph,40000
4/14/2023,AB07,Magical Triumph,500
4/14/2023,K09,Magical Triumph,20000
4/15/2023,K09,Magical Triumph,10000
4/15/2023,AB07,Magical Triumph,10000
4/17/2023,AB06,Magical Triumph,30000
4/17/2023,AB07,Magical Triumph,15200
4/18/2023,AB06,Magical Triumph,30000
4/18/2023,AB07,Magical Triumph,17200
4/19/2023,AB06,Magical Triumph,3800
4/19/2023,MU01,Magical Triumph,17000
4/19/2023,AD01,Magical Triumph,9100
4/19/2023,AB07,Magical Triumph,38500
4/20/2023,MU01,Magical Triumph,39829
4/20/2023,AD01,Magical Triumph,15000
4/22/2023,MU01,Magical Triumph,36100
4/24/2023,MU01,Magical Triumph,23868
4/24/2023,MU02,Magical Triumph,11200
4/25/2023,K10,Magical Triumph,25700
4/25/2023,AD02,Magical Triumph,3300
4/25/2023,AD01,Magical Triumph,5800
4/25/2023,K11,Magical Triumph,25800
4/25/2023,MU01,Magical Triumph,6245
4/26/2023,K11,Magical Triumph,25000
4/26/2023,K12,Magical Triumph,16600
4/26/2023,AB07,Magical Triumph,6400
4/26/2020,K11,Magical Triumph,25000
4/26/2020,K12,Magical Triumph,16600
4/27/2023,K12,Magical Triumph,13000
4/27/2023,K13,Magical Triumph,17000
4/27/2023,MU02,Magical Triumph,11500
4/28/2023,L01,Magical Triumph,41743
4/29/2023,MU01,Magical Triumph,20000
4/29/2023,MU02,Magical Triumph,10000
4/29/2023,K14,Magical Triumph,21500
4/29/2023,K12,Magical Triumph,5200
4/29/2023,L01,Magical Triumph,9664
5/1/2023,MU02,Magical Triumph,20000
5/1/2023,K14,Magical Triumph,24000
5/1/2023,L02,Magical Triumph,10000
5/2/2023,MU01,Magical Triumph,18800
5/2/2023,K14,Magical Triumph,9000
5/2/2023,L01,Magical Triumph,7023
5/3/2023,L02,Magical Triumph,9000
5/3/2023,L04,Magical Triumph,28000
5/4/2023,MU02,Magical Triumph,26878
5/5/2023,L04,Magical Triumph,20000
5/5/2023,L02,Magical Triumph,4000
5/8/2023,L02,Magical Triumph,21900
5/9/2023,L02,Magical Triumph,4500
5/9/2023,L01,Magical Triumph,26291
5/10/2023,L02,Magical Triumph,20700
5/10/2023,L04,Magical Triumph,12959
5/11/2023,L02,Magical Triumph,15000
5/11/2023,MU02,Magical Triumph,2457
5/12/2023,L04,Magical Triumph,5330
5/12/2023,L05,Magical Triumph,1700
5/12/2023,L02,Magical Triumph,3100
5/15/2023,L02,Magical Triumph,19000
5/15/2023,K03,Magical Triumph,27802
5/16/2023,K03,Magical Triumph,10000
5/16/2023,K02,Magical Triumph,17500
5/16/2023,L04,Magical Triumph,6904
5/16/2023,L02,Magical Triumph,1500
5/17/2023,L04,Magical Triumph,800
5/17/2023,K03,Magical Triumph,5100
5/17/2023,K02,Magical Triumph,12600
5/17/2023,K06,Magical Triumph,20000
5/18/2023,K06,Magical Triumph,5262
5/20/2023,K03,Magical Triumph,1800
5/20/2023,K02,Magical Triumph,12200
5/20/2023,L02,Magical Triumph,3700
5/22/2023,K03,Magical Triumph,8813
5/22/2023,K02,Magical Triumph,1700
5/22/2023,L05,Magical Triumph,3200
5/22/2023,L06,Magical Triumph,500
5/24/2023,L05,Magical Triumph,8850
5/24/2023,L06,Magical Triumph,1200
5/25/2023,K03,Magical Triumph,946
5/25/2023,K06,Magical Triumph,655
5/26/2023,K02,Magical Triumph,10300
5/26/2023,K03,Magical Triumph,8507
5/26/2023,L05,Magical Triumph,9801
5/27/2023,L05,Magical Triumph,2200
5/29/2023,L05,Magical Triumph,7558
5/29/2023,L06,Magical Triumph,10650
5/29/2023,K06,Magical Triumph,3633
5/30/2023,L05,Magical Triumph,23800
5/30/2023,L06,Magical Triumph,15500
5/31/2023,L06,Magical Triumph,10000
5/31/2023,L05,Magical Triumph,2500
5/31/2023,MU03,Magical Triumph,22515
6/2/2023,MU03,Magical Triumph,41759
6/3/2023,S01,Magical Triumph,1630
6/3/2023,L06,Magical Triumph,5627
6/3/2023,L05,Magical Triumph,9118
6/5/2023,MU03,Magical Triumph,37510
5/6/2023,MU03,Magical Triumph,37600
6/6/2023,MU03,Magical Triumph,37600
6/6/2023,S01,Magical Triumph,19464
6/7/2023,S01,Magical Triumph,40000
6/8/2023,S01,Magical Triumph,19790
6/9/2023,S01,Magical Triumph,12817
6/10/2023,K04,Magical Triumph,8100
6/12/2023,k04,Magical Triumph,22000
6/12/2023,MU03,Magical Triumph,5600
6/12/2023,S01,Magical Triumph,5936
6/13/2023,S01,Magical Triumph,7694
6/13/2023,MU03,Magical Triumph,8287
6/13/2023,K04,Magical Triumph,19000
6/14/2023,AF01,Magical Triumph,22000
6/14/2023,K04,Magical Triumph,17800
6/14/2023,MU03,Magical Triumph,1600
6/16/2023,AF02,Magical Triumph,17100
6/16/2023,K04,Magical Triumph,4300
6/19/2023,AF01,Magical Triumph,41500
6/19/2023,AF02,Magical Triumph,3400
6/20/2023,AF01,Magical Triumph,13000
6/20/2023,AF02,Magical Triumph,6100
6/20/2023,K04,Magical Triumph,9900
8/2/2022,L09,Excellent Flair,6000
8/3/2022,L09,Excellent Flair,7500
8/26/2022,K14,Excellent Flair,1700
9/14/2022,L01,Excellent Flair,2600
9/17/2022,L02,Excellent Flair,3800
9/22/2022,K06,Excellent Flair,8000
9/22/2022,K05,Excellent Flair,2000
9/23/2022,K06,Excellent Flair,2000
9/26/2022,K03,Excellent Flair,700
9/27/2022,K03,Excellent Flair,2000
9/28/2022,K03,Excellent Flair,500
9/29/2022,L07,Excellent Flair,2500
9/30/2022,L06,Excellent Flair,700
10/1/2022,L07,Excellent Flair,3600
10/3/2022,L07,Excellent Flair,1700
10/8/2022,S04,Excellent Flair,2800
10/12/2022,AF01,Excellent Flair,2200
10/13/2022,S04,Excellent Flair,2300
10/14/2022,S03,Excellent Flair,1100
10/15/2022,S03,Excellent Flair,2400
10/19/2022,S04,Excellent Flair,1000
10/21/2022,S03,Excellent Flair,400
11/3/2022,AD05,Excellent Flair,600
11/9/2022,AF02,Excellent Flair,7500
11/17/2022,AD03,Excellent Flair,1600
11/17/2022,AD04,Excellent Flair,1500
11/21/2022,L10,Excellent Flair,7100
11/23/2022,L10,Excellent Flair,400
12/2/2022,K15,Excellent Flair,4800
12/2/2022,K17,Excellent Flair,3100
12/2/2022,K18,Excellent Flair,9100
12/6/2022,AB03,Excellent Flair,1600
12/6/2022,K17,Excellent Flair,1100
12/7/2022,K09,Excellent Flair,2900
12/7/2022,L09,Excellent Flair,5400
12/8/2022,L09,Excellent Flair,3500
12/9/2022,L09,Excellent Flair,3500
12/14/2022,AD02,Excellent Flair,1900
12/22/2022,AD01,Excellent Flair,900
12/22/2022,AD02,Excellent Flair,500
12/23/2022,K14,Excellent Flair,1400
1/4/2023,K14,Excellent Flair,1000
1/16/2023,L01,Excellent Flair,5000
1/19/2023,L02,Excellent Flair,3700
1/19/2023,L01,Excellent Flair,1200
1/19/2023,K05,Excellent Flair,800
1/25/2023,K05,Excellent Flair,3000
1/27/2023,K06,Excellent Flair,300
1/28/2023,K06,Excellent Flair,2900
1/30/2023,K03,Excellent Flair,700
1/31/2023,K03,Excellent Flair,3900
1/31/2023,K06,Excellent Flair,5400
2/1/2023,K03,Excellent Flair,600
2/1/2023,L06,Excellent Flair,500
2/10/2023,AF01,Excellent Flair,800
2/17/2023,AF01,Excellent Flair,2000
2/20/2023,K04,Excellent Flair,1400
2/27/2023,S03,Excellent Flair,100
3/1/2023,S04,Excellent Flair,1200
3/3/2023,S04,Excellent Flair,5400
3/3/2023,S03,Excellent Flair,4100
3/20/2023,AD03,Excellent Flair,1500
3/21/2023,L10,Excellent Flair,4800
3/24/2023,L10,Excellent Flair,900
3/24/2023,AD03,Excellent Flair,800
5/17/2023,L01,Excellent Flair,6100
5/17/2023,L02,Excellent Flair,3900
5/26/2023,K03,Excellent Flair,852
5/29/2023,K06,Excellent Flair,1822
5/31/2023,K06,Excellent Flair,1330
6/5/2023,K06,Excellent Flair,341
6/8/2023,S01,Excellent Flair,820
6/9/2023,MU03,Excellent Flair,400
6/10/2023,K04,Excellent Flair,50
6/19/2023,AF01,Excellent Flair,2800
2/21/2023,AB05,Pinky Flair,15500
2/22/2023,S04,Pinky Flair,600
7/1/2022,MU05,Green Revival,1300
7/5/2022,AF04,Green Revival,3000
7/7/2022,MU05,Green Revival,4500
7/8/2022,MU05,Green Revival,1400
7/12/2022,MU05,Green Revival,900
7/13/2022,MU05,Green Revival,6100
7/14/2022,MU05,Green Revival,200
7/15/2022,MU05,Green Revival,11800
7/21/2022,MU06,Green Revival,1500
7/22/2022,L09,Green Revival,1000
7/26/2022,MU06,Green Revival,600
7/28/2022,MU06,Green Revival,17500
7/29/2022,MU06,Green Revival,1200
8/2/2022,L09,Green Revival,9900
8/3/2022,L09,Green Revival,9100
8/5/2022,AB06,Green Revival,1800
8/10/2022,AB06,Green Revival,15800
8/11/2022,AB06,Green Revival,1700
8/12/2022,AB07,Green Revival,25500
8/16/2022,AB07,Green Revival,1900
8/16/2022,K10,Green Revival,4900
8/17/2022,K10,Green Revival,6600
8/17/2022,AB07,Green Revival,1400
8/19/2022,K10,Green Revival,1100
8/22/2022,K11,Green Revival,10000
8/23/2022,K11,Green Revival,8700
8/23/2022,K12,Green Revival,1300
8/24/2022,K12,Green Revival,2400
8/24/2022,K13,Green Revival,5300
8/24/2022,K14,Green Revival,2800
8/26/2022,K14,Green Revival,10000
8/29/2022,L04,Green Revival,11000
8/30/2022,L04,Green Revival,6300
8/31/2022,L04,Green Revival,2000
9/1/2022,L04,Green Revival,6200
9/2/2022,L04,Green Revival,1600
9/5/2022,MU01,Green Revival,5200
9/6/2022,MU01,Green Revival,10000
9/7/2022,MU01,Green Revival,5100
9/8/2022,MU01,Green Revival,700
9/8/2022,MU02,Green Revival,4300
9/8/2022,L01,Green Revival,3200
9/9/2022,MU02,Green Revival,2600
9/10/2022,MU02,Green Revival,18000
9/12/2022,MU02,Green Revival,600
9/12/2022,L01,Green Revival,3000
9/12/2022,L02,Green Revival,7000
9/13/2022,MU02,Green Revival,4000
9/14/2022,L01,Green Revival,400
9/14/2022,K05,Green Revival,6000
9/15/2022,L02,Green Revival,1000
9/16/2022,L02,Green Revival,19200
9/16/2022,AB02,Green Revival,1800
9/17/2022,K06,Green Revival,6000
9/19/2022,K06,Green Revival,10200
9/21/2022,K05,Green Revival,9000
9/21/2022,K06,Green Revival,3500
9/22/2022,AB01,Green Revival,9200
9/23/2022,K06,Green Revival,6200
9/24/2022,K03,Green Revival,6500
9/26/2022,AB02,Green Revival,12000
9/26/2022,K03,Green Revival,7200
9/27/2022,K03,Green Revival,6700
9/28/2022,K03,Green Revival,3700
9/28/2022,L03,Green Revival,4900
9/29/2022,L05,Green Revival,2700
9/30/2022,L06,Green Revival,4500
9/30/2022,L05,Green Revival,7100
10/1/2022,L07,Green Revival,3600
10/3/2022,L07,Green Revival,8500
10/6/2022,MU03,Green Revival,13400
10/6/2022,AF01,Green Revival,2000
10/7/2022,MU03,Green Revival,2800
10/8/2022,MU03,Green Revival,7500
10/8/2022,S01,Green Revival,4500
10/11/2022,S04,Green Revival,6000
10/11/2022,MU03,Green Revival,4900
10/12/2022,MU03,Green Revival,4300
10/12/2022,AF02,Green Revival,2100
10/12/2022,AF01,Green Revival,3000
10/13/2022,S04,Green Revival,7900
10/14/2022,S04,Green Revival,6600
10/15/2022,S03,Green Revival,12700
10/15/2022,S04,Green Revival,3300
10/17/2022,S02,Green Revival,6100
10/19/2022,S02,Green Revival,10000
10/21/2022,L03,Green Revival,6600
10/22/2022,AB05,Green Revival,2600
10/24/2022,L03,Green Revival,6100
10/25/2022,L03,Green Revival,15200
10/26/2022,AB05,Green Revival,10000
10/26/2022,S02,Green Revival,3400
10/27/2022,AB05,Green Revival,4700
10/28/2022,AB05,Green Revival,13500
10/31/2022,AD05,Green Revival,13700
11/1/2022,AF02,Green Revival,1200
10/2/2022,AF02,Green Revival,1800
11/3/2022,MU04,Green Revival,800
11/4/2022,MU04,Green Revival,6600
11/7/2022,AB04,Green Revival,300
11/7/2022,MU04,Green Revival,3200
11/8/2022,MU04,Green Revival,14000
11/10/2022,AF03,Green Revival,2400
11/11/2022,AF03,Green Revival,7800
11/11/2022,AF02,Green Revival,7200
11/15/2022,AF04,Green Revival,10000
11/16/2022,AD03,Green Revival,10000
11/17/2022,AD04,Green Revival,6200
11/18/2022,L11,Green Revival,12000
11/21/2022,L11,Green Revival,6000
11/22/2022,MU05,Green Revival,23200
11/22/2022,L11,Green Revival,6000
11/22/2022,L10,Green Revival,3200
11/23/2022,L11,Green Revival,10500
11/24/2022,MU05,Green Revival,2600
11/24/2022,L11,Green Revival,2900
11/25/2022,MU06,Green Revival,3700
11/26/2022,K15,Green Revival,4600
11/28/2022,MU06,Green Revival,8400
11/29/2022,MU05,Green Revival,1000
11/29/2022,MU06,Green Revival,8300
11/30/2022,MU06,Green Revival,8400
11/30/2022,K16,Green Revival,3600
12/1/2022,AB03,Green Revival,13500
12/2/2022,K17,Green Revival,4700
12/2/2022,K18,Green Revival,7900
12/3/2022,K09,Green Revival,10000
12/5/2022,L08,Green Revival,3000
12/5/2022,L09,Green Revival,7600
12/5/2022,AB03,Green Revival,100
12/7/2022,L09,Green Revival,10000
12/7/2022,AB04,Green Revival,1500
12/8/2022,L08,Green Revival,900
12/8/2022,L09,Green Revival,6000
12/9/2022,AB06,Green Revival,13100
12/10/2022,AB07,Green Revival,2100
12/10/2022,AB06,Green Revival,4000
12/11/2022,AB06,Green Revival,4800
12/12/2022,AB06,Green Revival,3100
12/14/2022,AB06,Green Revival,3400
12/14/2022,AB07,Green Revival,2300
12/14/2022,L08,Green Revival,400
12/15/2022,K09,Green Revival,1400
12/15/2022,AB07,Green Revival,2700
12/16/2022,AB07,Green Revival,3100
12/17/2022,AD02,Green Revival,5600
12/17/2022,AD01,Green Revival,500
12/19/2022,AB07,Green Revival,5100
12/20/2022,AB07,Green Revival,7000
12/22/2022,AB07,Green Revival,7000
12/22/2022,AD01,Green Revival,5900
12/22/2022,AD02,Green Revival,2400
12/24/2022,K10,Green Revival,10000
12/28/2022,MU01,Green Revival,210
12/28/2022,K10,Green Revival,1900
12/28/2022,K11,Green Revival,2100
12/29/2022,K11,Green Revival,5100
12/29/2022,K14,Green Revival,4000
12/30/2022,K14,Green Revival,5500
12/30/2022,K13,Green Revival,4500
12/31/2022,K14,Green Revival,400
12/31/2022,K13,Green Revival,1500
12/31/2022,K12,Green Revival,5000
12/31/2022,K11,Green Revival,4300
1/3/2023,MU01,Green Revival,13000
1/4/2023,K14,Green Revival,400
1/4/2023,K11,Green Revival,9600
1/4/2023,MU01,Green Revival,4700
1/5/2023,MU01,Green Revival,7000
1/6/2023,L04,Green Revival,8000
1/7/2023,MU02,Green Revival,1200
1/9/2023,L04,Green Revival,7800
1/10/2023,L04,Green Revival,5500
1/11/2023,L04,Green Revival,18500
1/11/2023,MU01,Green Revival,18000
1/13/2023,MU02,Green Revival,6800
1/14/2023,L01,Green Revival,5000
1/17/2023,L02,Green Revival,10000
1/18/2023,L02,Green Revival,15000
1/19/2023,L01,Green Revival,5400
1/20/2023,K05,Green Revival,4000
1/21/2023,K05,Green Revival,7000
1/23/2023,k05,Green Revival,1400
1/23/2023,K06,Green Revival,600
1/24/2023,K06,Green Revival,2000
1/24/2023,K05,Green Revival,3700
1/25/2023,K06,Green Revival,18000
1/25/2023,K03,Green Revival,1500
1/26/2023,K03,Green Revival,2500
1/27/2023,AB01,Green Revival,8600
1/28/2023,K03,Green Revival,7500
1/30/2023,K06,Green Revival,10000
1/30/2023,K05,Green Revival,800
1/30/2023,L06,Green Revival,2500
1/30/2023,L05,Green Revival,6700
1/30/2023,MU03,Green Revival,10000
1/31/2023,K03,Green Revival,12800
1/31/2023,MU03,Green Revival,8000
2/1/2023,MU03,Green Revival,5800
2/1/2023,AF01,Green Revival,4000
2/1/2023,L06,Green Revival,2500
2/1/2023,L05,Green Revival,3500
2/2/2023,MU03,Green Revival,8400
2/2/2023,AF01,Green Revival,3000
2/2/2023,AF02,Green Revival,9000
2/3/2023,AF01,Green Revival,3100
2/3/2023,AF02,Green Revival,4000
2/4/2023,MU03,Green Revival,4400
2/4/2023,S02,Green Revival,4900
2/6/2023,MU03,Green Revival,1800
2/6/2023,S01,Green Revival,3100
2/8/2023,MU03,Green Revival,500
2/9/2023,AF01,Green Revival,400
2/10/2023,S01,Green Revival,4800
2/11/2023,K04,Green Revival,700
2/14/2023,AF01,Green Revival,1000
2/14/2023,AF02,Green Revival,1500
2/14/2023,K04,Green Revival,6000
2/15/2023,S03,Green Revival,10000
2/16/2023,S03,Green Revival,2200
2/16/2023,S02,Green Revival,1900
2/17/2023,AB05,Green Revival,19300
2/18/2023,S04,Green Revival,800
2/20/2023,K04,Green Revival,400
2/23/2023,AD05,Green Revival,5000
2/23/2023,S04,Green Revival,2000
2/24/2023,L03,Green Revival,23100
2/27/2023,S04,Green Revival,11600
2/28/2023,S03,Green Revival,2200
2/28/2023,S04,Green Revival,5300
3/1/2023,S04,Green Revival,4200
3/1/2023,S02,Green Revival,10200
3/2/2023,S02,Green Revival,2000
3/2/2023,L03,Green Revival,1800
3/2/2023,AB05,Green Revival,400
3/3/2023,L03,Green Revival,6000
3/4/2023,AB05,Green Revival,2300
3/4/2023,AD05,Green Revival,7200
3/6/2023,L03,Green Revival,5900
3/6/2023,MU04,Green Revival,4000
3/7/2023,MU04,Green Revival,24000
3/8/2023,MU04,Green Revival,5700
3/8/2023,AD04,Green Revival,7700
3/9/2023,AD04,Green Revival,2400
3/9/2023,AF04,Green Revival,7000
3/10/2023,AD03,Green Revival,9600
3/14/2023,AD04,Green Revival,6200
3/15/2023,AD03,Green Revival,4500
3/15/2023,L11,Green Revival,9300
3/16/2023,AF04,Green Revival,3100
3/17/2023,AF04,Green Revival,7500
3/18/2023,L11,Green Revival,5000
3/20/2023,AF04,Green Revival,400
3/20/2023,AD04,Green Revival,1300
3/20/2023,MU05,Green Revival,4000
3/21/2023,MU05,Green Revival,10800
3/23/2023,MU06,Green Revival,3000
3/24/2023,L10,Green Revival,1500
3/24/2023,MU05,Green Revival,4800
3/27/2023,L11,Green Revival,4000
3/27/2023,L10,Green Revival,900
3/28/2023,MU05,Green Revival,6500
3/31/2023,MU05,Green Revival,3000
4/1/2023,MU06,Green Revival,800
4/4/2023,AB03,Green Revival,1300
4/6/2023,AB03,Green Revival,4000
4/8/2023,AB04,Green Revival,4000
4/12/2023,K09,Green Revival,5900
4/12/2023,AB04,Green Revival,500
4/12/2023,AB07,Green Revival,3500
4/13/2023,AB07,Green Revival,1700
4/14/2023,K09,Green Revival,10000
4/15/2023,AB06,Green Revival,1500
4/17/2023,AB07,Green Revival,1400
4/18/2023,AB06,Green Revival,5000
4/19/2023,AB06,Green Revival,8600
4/20/2023,AB06,Green Revival,3600
4/22/2023,MU01,Green Revival,2659
4/24/2023,MU01,Green Revival,3195
4/24/2023,AB06,Green Revival,2100
4/25/2023,MU01,Green Revival,11000
4/26/2023,AD02,Green Revival,3000
4/26/2023,K11,Green Revival,400
4/26/2020,AD02,Green Revival,3000
4/26/2020,K11,Green Revival,400
4/26/2020,K10,Green Revival,7600
4/28/2023,K14,Green Revival,2000
4/28/2023,K10,Green Revival,400
4/29/2023,MU02,Green Revival,4028
4/29/2023,K13,Green Revival,4000
5/1/2023,K12,Green Revival,3000
5/1/2023,K11,Green Revival,3000
5/2/2023,MU01,Green Revival,1532
5/2/2023,K10,Green Revival,4000
5/3/2023,L02,Green Revival,1400
5/3/2023,L01,Green Revival,3656
5/3/2023,K14,Green Revival,10000
5/3/2023,K12,Green Revival,700
5/4/2023,L04,Green Revival,3193
5/5/2023,L02,Green Revival,7600
5/6/2023,L04,Green Revival,2150
5/8/2023,L02,Green Revival,4200
5/8/2023,MU02,Green Revival,3316
5/8/2023,L04,Green Revival,2985
5/10/2023,L01,Green Revival,1900
5/10/2023,L04,Green Revival,8531
5/10/2023,K03,Green Revival,2027
5/11/2023,L02,Green Revival,500
5/11/2023,MU02,Green Revival,507
5/15/2023,K03,Green Revival,2793
5/18/2023,K03,Green Revival,318
5/22/2023,K03,Green Revival,1480
5/24/2023,K03,Green Revival,2400
5/26/2023,K02,Green Revival,4200
5/26/2023,K03,Green Revival,7026
5/29/2023,K06,Green Revival,4000
5/30/2023,L05,Green Revival,640
5/31/2023,K06,Green Revival,13125
6/2/2023,K06,Green Revival,2480
6/3/2023,L06,Green Revival,1700
6/3/2023,L05,Green Revival,5821
6/5/2023,L06,Green Revival,800
6/5/2023,L05,Green Revival,1900
6/5/2023,K06,Green Revival,3900
6/6/2023,MU03,Green Revival,2078
6/7/2023,MU03,Green Revival,12208
6/8/2023,S01,Green Revival,392
6/9/2023,MU03,Green Revival,5798
6/12/2023,MU03,Green Revival,3000
6/13/2023,S01,Green Revival,12272
6/14/2023,MU03,Green Revival,6725
6/15/2023,AF01,Green Revival,100
6/16/2023,AF02,Green Revival,2800
6/16/2023,K04,Green Revival,5400
6/17/2023,AF02,Green Revival,4500
6/19/2023,AF01,Green Revival,1600
6/20/2023,AF01,Green Revival,7000
7/4/2022,MU05,Magical Seasons,3500
7/5/2022,MU05,Magical Seasons,4100
7/5/2022,AF04,Magical Seasons,800
7/9/2022,MU05,Magical Seasons,1200
7/9/2022,MU06,Magical Seasons,1000
7/14/2022,MU05,Magical Seasons,300
7/29/2022,MU06,Magical Seasons,2300
8/11/2022,AB06,Magical Seasons,3000
8/17/2022,AB07,Magical Seasons,2600
8/19/2022,K11,Magical Seasons,2100
8/23/2022,K12,Magical Seasons,2000
8/24/2022,K12,Magical Seasons,3700
8/26/2022,K13,Magical Seasons,2200
8/29/2022,L04,Magical Seasons,500
8/30/2022,L04,Magical Seasons,2700
8/31/2022,L04,Magical Seasons,3400
8/31/2022,MU02,Magical Seasons,1100
9/1/2022,MU02,Magical Seasons,1000
9/3/2022,MU01,Magical Seasons,2400
9/5/2022,MU01,Magical Seasons,3600
9/7/2022,MU01,Magical Seasons,3100
9/8/2022,MU01,Magical Seasons,3560
9/9/2022,MU01,Magical Seasons,3500
9/10/2022,MU02,Magical Seasons,5200
9/12/2022,MU02,Magical Seasons,2400
9/13/2022,MU02,Magical Seasons,6200
9/15/2022,L02,Magical Seasons,100
9/15/2022,L03,Magical Seasons,2300
9/15/2022,L05,Magical Seasons,2700
9/20/2022,L05,Magical Seasons,1200
9/22/2022,K03,Magical Seasons,4000
9/24/2022,L06,Magical Seasons,3000
9/26/2022,K03,Magical Seasons,400
9/26/2022,L03,Magical Seasons,1700
9/28/2022,L06,Magical Seasons,1600
9/28/2022,L07,Magical Seasons,1800
9/29/2022,L07,Magical Seasons,1200
10/11/2022,AF01,Magical Seasons,2200
10/11/2022,MU03,Magical Seasons,900
10/18/2022,L03,Magical Seasons,1100
10/19/2022,L03,Magical Seasons,2800
10/24/2022,AB05,Magical Seasons,1000
10/25/2022,AB05,Magical Seasons,1100
10/26/2022,AB05,Magical Seasons,800
10/27/2022,AB05,Magical Seasons,2800
11/1/2022,AD05,Magical Seasons,600
11/3/2022,AD05,Magical Seasons,1100
11/4/2022,MU04,Magical Seasons,1600
11/7/2022,AB04,Magical Seasons,600
11/7/2022,MU04,Magical Seasons,1200
11/8/2022,MU04,Magical Seasons,5800
11/10/2022,AF04,Magical Seasons,2800
11/12/2022,AD03,Magical Seasons,4000
11/14/2022,AD03,Magical Seasons,2000
11/15/2022,L11,Magical Seasons,4000
11/16/2022,AD03,Magical Seasons,1100
11/22/2022,MU05,Magical Seasons,2000
11/23/2022,L11,Magical Seasons,2400
11/25/2022,MU05,Magical Seasons,2000
11/28/2022,MU05,Magical Seasons,5000
11/30/2022,MU06,Magical Seasons,4800
12/2/2022,K15,Magical Seasons,3700
12/7/2022,AB04,Magical Seasons,2600
12/10/2022,k09,Magical Seasons,1300
12/10/2022,L08,Magical Seasons,1200
12/11/2022,K12,Magical Seasons,5400
12/11/2022,AB06,Magical Seasons,5400
12/11/2022,K09,Magical Seasons,1200
12/13/2022,AB07,Magical Seasons,3100
12/14/2022,k12,Magical Seasons,4200
12/14/2022,AD01,Magical Seasons,2000
12/14/2022,AD02,Magical Seasons,3000
12/14/2022,L08,Magical Seasons,3300
12/16/2022,L04,Magical Seasons,7000
12/23/2022,K13,Magical Seasons,4600
12/30/2022,MU01,Magical Seasons,300
1/4/2023,MU01,Magical Seasons,4600
1/6/2023,MU01,Magical Seasons,10630
1/9/2023,MU01,Magical Seasons,5800
1/11/2023,MU01,Magical Seasons,7000
1/12/2023,L04,Magical Seasons,2600
1/12/2023,MU02,Magical Seasons,3000
1/13/2023,MU02,Magical Seasons,1900
1/14/2023,L02,Magical Seasons,2000
1/17/2023,MU02,Magical Seasons,1500
1/18/2023,MU02,Magical Seasons,300
1/19/2023,L02,Magical Seasons,800
1/20/2023,K03,Magical Seasons,300
1/27/2023,K03,Magical Seasons,100
1/31/2023,L05,Magical Seasons,9400
1/31/2023,K03,Magical Seasons,2500
2/1/2023,AF01,Magical Seasons,3000
2/1/2023,K03,Magical Seasons,2400
2/8/2023,MU03,Magical Seasons,700
2/17/2023,AF01,Magical Seasons,400
2/18/2023,K04,Magical Seasons,100
2/20/2023,K04,Magical Seasons,1300
2/20/2023,AF01,Magical Seasons,500
2/25/2023,AD05,Magical Seasons,600
3/3/2023,AD05,Magical Seasons,200
3/3/2023,L03,Magical Seasons,4800
3/6/2023,AB05,Magical Seasons,5200
3/6/2023,L03,Magical Seasons,5000
3/8/2023,MU04,Magical Seasons,4200
3/13/2023,AD05,Magical Seasons,600
3/16/2023,MU04,Magical Seasons,4200
3/16/2023,AF04,Magical Seasons,3900
4/19/2023,AB06,Magical Seasons,1500
4/22/2023,AB06,Magical Seasons,1000
4/24/2023,MU01,Magical Seasons,1700
4/24/2023,AB06,Magical Seasons,1200
4/26/2023,MU01,Magical Seasons,2187
4/26/2023,AB07,Magical Seasons,1500
4/26/2020,MU01,Magical Seasons,2187
4/29/2023,MU01,Magical Seasons,4362
5/9/2023,MU01,Magical Seasons,6360
5/11/2023,MU02,Magical Seasons,6152
5/11/2023,MU01,Magical Seasons,792
5/17/2023,L02,Magical Seasons,1100
5/17/2023,L04,Magical Seasons,1500
5/22/2023,K03,Magical Seasons,1800
5/22/2023,K02,Magical Seasons,800
5/26/2023,K03,Magical Seasons,334
6/3/2023,L05,Magical Seasons,1478
6/5/2023,L05,Magical Seasons,2258
6/7/2023,MU03,Magical Seasons,2003
6/8/2023,K04,Magical Seasons,700
6/9/2023,MU03,Magical Seasons,716
6/9/2023,K04,Magical Seasons,600
6/10/2023,AF01,Magical Seasons,50
6/15/2023,AF01,Magical Seasons,100
6/19/2023,AF01,Magical Seasons,1600
11/10/2022,AD04,Photinia,5800
11/10/2022,AF04,Photinia,4000
11/10/2022,AF03,Photinia,1700
7/1/2022,MU05,Royal Princess,300
7/5/2022,AF04,Royal Princess,2000
7/7/2022,MU05,Royal Princess,1200
7/8/2022,MU05,Royal Princess,500
7/12/2022,MU05,Royal Princess,600
7/13/2022,MU05,Royal Princess,4900
7/14/2022,MU05,Royal Princess,4800
7/15/2022,MU05,Royal Princess,7200
7/21/2022,MU06,Royal Princess,400
7/22/2022,L09,Royal Princess,1000
7/26/2022,MU06,Royal Princess,7000
7/27/2022,MU06,Royal Princess,2000
7/28/2022,MU06,Royal Princess,3300
7/29/2022,MU06,Royal Princess,2500
8/2/2022,L09,Royal Princess,4000
8/3/2022,L09,Royal Princess,7600
8/11/2022,AB06,Royal Princess,9000
8/15/2022,AB07,Royal Princess,2000
8/16/2022,AB07,Royal Princess,4000
8/17/2022,AB07,Royal Princess,6400
8/19/2022,K11,Royal Princess,800
8/19/2022,K10,Royal Princess,6800
8/22/2022,K11,Royal Princess,4100
8/22/2022,K12,Royal Princess,3900
8/23/2022,K13,Royal Princess,3700
8/23/2022,K14,Royal Princess,4400
8/24/2022,MU01,Royal Princess,13000
8/24/2022,L04,Royal Princess,9700
8/25/2022,MU01,Royal Princess,4800
8/27/2022,MU01,Royal Princess,2200
8/27/2022,MU02,Royal Princess,5300
8/29/2022,MU02,Royal Princess,4000
8/30/2022,K05,Royal Princess,2200
8/31/2022,MU02,Royal Princess,6100
9/1/2022,MU02,Royal Princess,1800
9/2/2022,MU02,Royal Princess,1100
9/2/2022,K05,Royal Princess,2000
9/3/2022,L01,Royal Princess,2400
9/7/2022,L01,Royal Princess,2400
9/7/2022,L02,Royal Princess,4800
9/8/2022,L02,Royal Princess,8700
9/9/2022,K05,Royal Princess,3200
9/10/2022,K05,Royal Princess,600
9/13/2022,MU03,Royal Princess,700
9/14/2022,L01,Royal Princess,1200
9/14/2022,K05,Royal Princess,5500
9/14/2022,K06,Royal Princess,500
9/15/2022,L05,Royal Princess,2000
9/16/2022,AB01,Royal Princess,6800
9/17/2022,L06,Royal Princess,2500
9/20/2022,L05,Royal Princess,900
9/21/2022,K06,Royal Princess,500
9/21/2022,L05,Royal Princess,8300
9/22/2022,AB01,Royal Princess,2900
9/23/2022,AB01,Royal Princess,2500
9/23/2022,AB02,Royal Princess,7300
9/24/2022,K03,Royal Princess,2000
9/26/2022,AB02,Royal Princess,2800
9/26/2022,K03,Royal Princess,6900
9/28/2022,K03,Royal Princess,4200
9/28/2022,L03,Royal Princess,5500
9/28/2022,AB02,Royal Princess,500
9/29/2022,L05,Royal Princess,1500
9/30/2022,L06,Royal Princess,10000
9/30/2022,L07,Royal Princess,12400
10/3/2022,L07,Royal Princess,5300
10/5/2022,MU03,Royal Princess,3100
10/6/2022,MU03,Royal Princess,12800
10/6/2022,AF01,Royal Princess,2000
10/6/2022,AF02,Royal Princess,4800
10/7/2022,AF01,Royal Princess,5600
10/8/2022,S01,Royal Princess,4200
10/11/2022,S01,Royal Princess,2400
10/11/2022,AF01,Royal Princess,1200
10/11/2022,AF02,Royal Princess,1200
10/12/2022,AF02,Royal Princess,2000
10/13/2022,S03,Royal Princess,2500
10/13/2022,S01,Royal Princess,1200
10/14/2022,L03,Royal Princess,2200
10/15/2022,S02,Royal Princess,2500
10/17/2022,L03,Royal Princess,800
10/18/2022,L03,Royal Princess,660
10/19/2022,AB05,Royal Princess,5400
10/19/2022,L03,Royal Princess,8600
10/21/2022,S03,Royal Princess,1400
10/24/2022,L03,Royal Princess,500
10/24/2022,S02,Royal Princess,2000
10/25/2022,AB05,Royal Princess,4500
10/26/2022,AB05,Royal Princess,4500
10/26/2022,S02,Royal Princess,2800
10/28/2022,AD05,Royal Princess,4000
10/31/2022,AD05,Royal Princess,5000
11/1/2022,AD05,Royal Princess,1200
11/2/2022,AF03,Royal Princess,800
11/3/2022,AF03,Royal Princess,2000
11/3/2022,AF02,Royal Princess,3700
11/4/2022,MU04,Royal Princess,5400
11/7/2022,MU04,Royal Princess,6900
11/15/2022,AD03,Royal Princess,4200
11/15/2022,AD04,Royal Princess,4000
11/16/2022,AD03,Royal Princess,500
11/17/2022,MU05,Royal Princess,1500
11/17/2022,AD03,Royal Princess,1600
11/18/2022,L11,Royal Princess,4800
11/21/2022,MU06,Royal Princess,500
11/21/2022,L11,Royal Princess,5300
11/22/2022,MU05,Royal Princess,7000
11/23/2022,MU05,Royal Princess,1100
11/24/2022,MU05,Royal Princess,1600
11/25/2022,MU05,Royal Princess,2000
11/29/2022,MU05,Royal Princess,4800
11/29/2022,MU06,Royal Princess,4900
11/30/2022,MU06,Royal Princess,11100
12/1/2022,AB04,Royal Princess,3600
12/6/2022,AB03,Royal Princess,4500
12/6/2022,K17,Royal Princess,4500
12/7/2022,K09,Royal Princess,300
12/7/2022,AB04,Royal Princess,1800
12/8/2022,L09,Royal Princess,1000
12/10/2022,L09,Royal Princess,1400
12/11/2022,K09,Royal Princess,3000
12/14/2022,L09,Royal Princess,9600
12/15/2022,L09,Royal Princess,2300
12/15/2022,AB06,Royal Princess,700
12/16/2022,AD01,Royal Princess,4100
12/16/2022,AB06,Royal Princess,7800
12/17/2022,AD02,Royal Princess,1000
12/17/2022,K09,Royal Princess,1000
12/17/2022,K11,Royal Princess,1800
12/17/2022,AB07,Royal Princess,3700
12/22/2022,AB07,Royal Princess,5700
12/22/2022,AB06,Royal Princess,3000
12/22/2022,AD01,Royal Princess,2200
12/22/2022,AD02,Royal Princess,4600
12/23/2022,K13,Royal Princess,3700
12/23/2022,K12,Royal Princess,800
12/23/2022,K11,Royal Princess,600
12/28/2022,MU01,Royal Princess,210
12/28/2022,K10,Royal Princess,1100
12/29/2022,K10,Royal Princess,6600
12/29/2022,K11,Royal Princess,4000
12/30/2022,MU01,Royal Princess,11100
12/31/2022,K14,Royal Princess,3200
12/31/2022,K13,Royal Princess,3600
12/31/2022,K12,Royal Princess,2200
12/31/2022,L04,Royal Princess,6000
1/3/2023,MU01,Royal Princess,7000
1/4/2023,MU01,Royal Princess,3400
1/5/2023,L04,Royal Princess,1900
1/6/2023,MU02,Royal Princess,10000
1/6/2023,L01,Royal Princess,2000
1/9/2023,MU02,Royal Princess,4000
1/10/2023,L02,Royal Princess,3200
1/10/2023,L01,Royal Princess,3600
1/11/2023,L02,Royal Princess,3600
1/12/2023,K05,Royal Princess,4000
1/12/2023,L02,Royal Princess,4400
1/14/2023,K05,Royal Princess,1900
1/16/2023,L05,Royal Princess,1200
1/17/2023,L02,Royal Princess,1000
1/17/2023,K05,Royal Princess,3900
1/18/2023,AB01,Royal Princess,500
1/18/2023,K05,Royal Princess,500
1/19/2023,AB01,Royal Princess,1100
1/20/2023,K05,Royal Princess,2600
1/20/2023,L05,Royal Princess,500
1/21/2023,K06,Royal Princess,1500
1/24/2023,K06,Royal Princess,2500
1/24/2023,K05,Royal Princess,900
1/25/2023,K03,Royal Princess,300
1/26/2023,K03,Royal Princess,3000
1/27/2023,AB01,Royal Princess,10100
1/30/2023,K03,Royal Princess,5800
1/31/2023,L05,Royal Princess,5800
1/31/2023,K03,Royal Princess,10800
1/31/2023,L06,Royal Princess,1700
1/31/2023,MU03,Royal Princess,4000
2/2/2023,L06,Royal Princess,7700
2/2/2023,L05,Royal Princess,1800
2/4/2023,MU03,Royal Princess,4100
2/6/2023,MU03,Royal Princess,1000
2/7/2023,MU03,Royal Princess,7100
2/8/2023,MU03,Royal Princess,11200
2/14/2023,S01,Royal Princess,9400
2/15/2023,AF02,Royal Princess,3300
2/16/2023,AF01,Royal Princess,2400
2/16/2023,AF02,Royal Princess,1500
2/17/2023,AF01,Royal Princess,4100
2/18/2023,AF01,Royal Princess,1200
2/20/2023,K04,Royal Princess,9400
2/20/2023,AF01,Royal Princess,2300
2/22/2023,L03,Royal Princess,350
2/23/2023,L03,Royal Princess,3400
2/24/2023,AB05,Royal Princess,6100
2/25/2023,L03,Royal Princess,1700
2/27/2023,L03,Royal Princess,1000
2/27/2023,S03,Royal Princess,300
2/28/2023,S03,Royal Princess,500
3/1/2023,S03,Royal Princess,3300
3/1/2023,AB05,Royal Princess,3000
3/2/2023,AB05,Royal Princess,1100
3/4/2023,AB05,Royal Princess,11000
3/6/2023,S02,Royal Princess,5100
3/7/2023,MU04,Royal Princess,8500
3/8/2023,MU04,Royal Princess,5100
3/8/2023,AD05,Royal Princess,5700
3/9/2023,AD05,Royal Princess,3100
3/10/2023,MU04,Royal Princess,5600
3/10/2023,AD05,Royal Princess,3500
3/11/2023,AF04,Royal Princess,2200
3/13/2023,AD04,Royal Princess,1700
3/14/2023,AD04,Royal Princess,5100
3/15/2023,AD04,Royal Princess,4700
3/15/2023,AD03,Royal Princess,800
3/16/2023,AF04,Royal Princess,1900
3/17/2023,AF04,Royal Princess,5200
3/20/2023,AF04,Royal Princess,2400
3/20/2023,AD03,Royal Princess,1000
3/21/2023,AD03,Royal Princess,1500
3/22/2023,AD03,Royal Princess,2000
3/24/2023,L11,Royal Princess,11200
3/24/2023,AD03,Royal Princess,800
3/27/2023,L11,Royal Princess,400
4/1/2023,MU06,Royal Princess,800
4/6/2023,K09,Royal Princess,1500
4/8/2023,AB04,Royal Princess,400
4/12/2023,K09,Royal Princess,3500
4/12/2023,AB04,Royal Princess,3600
4/13/2023,AB07,Royal Princess,1000
4/15/2023,AB07,Royal Princess,1500
4/17/2023,AB07,Royal Princess,800
4/18/2023,AB06,Royal Princess,5000
4/18/2023,AB07,Royal Princess,1200
4/19/2023,MU01,Royal Princess,4800
4/20/2023,MU01,Royal Princess,600
4/24/2023,MU01,Royal Princess,1150
4/25/2023,K10,Royal Princess,1400
4/25/2023,MU01,Royal Princess,11470
4/26/2023,AD02,Royal Princess,2300
4/26/2023,K11,Royal Princess,3700
4/26/2023,K12,Royal Princess,2200
4/26/2023,K13,Royal Princess,1500
4/26/2023,K14,Royal Princess,1600
4/26/2023,L02,Royal Princess,500
4/26/2023,L01,Royal Princess,590
4/26/2020,AD02,Royal Princess,3700
4/26/2020,K10,Royal Princess,5300
4/26/2020,K12,Royal Princess,2200
4/26/2020,K13,Royal Princess,1500
4/26/2020,K14,Royal Princess,1600
4/26/2020,L01,Royal Princess,590
4/26/2020,L02,Royal Princess,500
5/3/2023,K12,Royal Princess,1300
5/4/2023,MU02,Royal Princess,500
5/5/2023,L01,Royal Princess,832
5/9/2023,MU01,Royal Princess,2328
5/10/2023,L01,Royal Princess,2488
5/10/2023,L02,Royal Princess,2400
5/11/2023,MU02,Royal Princess,6030
5/11/2023,MU01,Royal Princess,2439
5/12/2023,L04,Royal Princess,1000
5/15/2023,L02,Royal Princess,300
5/16/2023,L04,Royal Princess,2531
5/16/2023,L02,Royal Princess,2500
5/17/2023,L02,Royal Princess,5600
5/20/2023,K03,Royal Princess,3356
5/20/2023,K02,Royal Princess,2800
5/20/2023,K06,Royal Princess,1619
5/22/2023,K03,Royal Princess,2319
5/24/2023,K03,Royal Princess,348
5/26/2023,K03,Royal Princess,1671
5/26/2023,L05,Royal Princess,1911
5/26/2023,L06,Royal Princess,579
5/29/2023,L05,Royal Princess,785
5/29/2023,L06,Royal Princess,2950
5/29/2023,K06,Royal Princess,785
5/31/2023,L05,Royal Princess,405
6/2/2023,L05,Royal Princess,1987
6/3/2023,L05,Royal Princess,2000
6/5/2023,L06,Royal Princess,1712
6/5/2023,L05,Royal Princess,1383
6/5/2023,K06,Royal Princess,100
6/6/2023,MU03,Royal Princess,2000
6/6/2023,S01,Royal Princess,539
6/7/2023,MU03,Royal Princess,4345
6/9/2023,MU03,Royal Princess,4266
6/10/2023,MU03,Royal Princess,6995
6/13/2023,S01,Royal Princess,11817
6/13/2023,MU03,Royal Princess,600
6/14/2023,K04,Royal Princess,3200
6/14/2023,MU03,Royal Princess,249
6/15/2023,AF01,Royal Princess,100
6/16/2023,AF01,Royal Princess,5000
6/16/2023,AF02,Royal Princess,2200
6/16/2023,K04,Royal Princess,3300
6/17/2023,AB05,Royal Princess,2700
